Workbook
Name INPUT_BuildingValue: 'Inputs'!$B$12
Name INPUT_ContentsValue: 'Inputs'!$B$13
Name INPUT_BILimit: 'Inputs'!$B$14
Name INPUT_YearBuilt: 'Inputs'!$B$15
Name INPUT_SquareFootage: 'Inputs'!$B$16
Name INPUT_Stories: 'Inputs'!$B$17
Name INPUT_ConstructionClass: 'Inputs'!$B$18
Name INPUT_OccupancyCode: 'Inputs'!$B$19
Name INPUT_ProtectionClass: 'Inputs'!$B$20
Name INPUT_Sprinklered: 'Inputs'!$B$21
Name INPUT_Deductible: 'Inputs'!$B$23
Name INPUT_WindExclusion: 'Inputs'!$B$24
Name INPUT_AlarmCredit: 'Inputs'!$B$24
Name INPUT_PriorLosses: 'Inputs'!$B$25
Name INPUT_AccountMod: 'Inputs'!$B$27
Name INPUT_PolicyNumber: 'Inputs'!$B$4
Name INPUT_InsuredName: 'Inputs'!$B$5
Name INPUT_State: 'Inputs'!$B$8
Name OUTPUT_BuildingPremium: 'Outputs'!$B$4
Name OUTPUT_ContentsPremium: 'Outputs'!$B$5
Name OUTPUT_BIPremium: 'Outputs'!$B$6
Name OUTPUT_SubtotalPremium: 'Outputs'!$B$7
Name OUTPUT_DeductibleCredit: 'Outputs'!$B$8
Name OUTPUT_AccountModAdj: 'Outputs'!$B$9
Name OUTPUT_TotalPremium: 'Outputs'!$B$10
Name OUTPUT_BaseRate: 'Outputs'!$B$14
Name OUTPUT_PCFactor: 'Outputs'!$B$15
Name OUTPUT_AgeFactor: 'Outputs'!$B$16
Name OUTPUT_DedFactor: 'Outputs'!$B$17
Name OUTPUT_CombinedMod: 'Outputs'!$B$18
Name OUTPUT_EffectiveRate: 'Outputs'!$B$19
Name OUTPUT_TIV: 'Outputs'!$B$20
Name OUTPUT_RateDetail: 'Outputs'!$A$13:$C$20
Name OUTPUT_PolicyNumber: 'Outputs'!$B$23
Name OUTPUT_InsuredName: 'Outputs'!$B$24
Name OUTPUT_State: 'Outputs'!$B$25

Sheet Inputs
A1: P&C RATING ENGINE — INPUT PARAMETERS
A3: RISK IDENTIFICATION
A4: Policy Number | B4: POL-2025-001 | C4: INPUT_RiskID_A
A5: Insured Name | B5: Sample Insured LLC | C5: INPUT_RiskID_B
A6: Effective Date | B6: 2025-01-01 | C6: INPUT_RiskID_C
A7: Expiration Date | B7: 2026-01-01 | C7: INPUT_RiskID_D
A8: State | B8: FL | C8: INPUT_RiskID_E
A9: Line of Business | B9: Commercial Property | C9: INPUT_RiskID_F
A11: PROPERTY CHARACTERISTICS
A12: Building Value ($) | B12: 2500000 | C12: INPUT_BuildingValue | D12: ← API writes here
A13: Contents Value ($) | B13: 500000 | C13: INPUT_ContentsValue | D13: ← API writes here
A14: Business Income Limit ($) | B14: 250000 | C14: INPUT_BILimit | D14: ← API writes here
A15: Year Built | B15: 1995 | C15: INPUT_YearBuilt | D15: ← API writes here
A16: Square Footage | B16: 12000 | C16: INPUT_SquareFootage | D16: ← API writes here
A17: Number of Stories | B17: 2 | C17: INPUT_Stories | D17: ← API writes here
A18: Construction Class (1-6) | B18: 2 | C18: INPUT_ConstructionClass | D18: ← API writes here
A19: Occupancy Code | B19: 04 | C19: INPUT_OccupancyCode | D19: ← API writes here
A20: Protection Class (1-10) | B20: 5 | C20: INPUT_ProtectionClass | D20: ← API writes here
A21: Sprinklered (1=Yes, 0=No) | B21: 1 | C21: INPUT_Sprinklered | D21: ← API writes here
A23: MODIFIERS & CREDITS
A24: Deductible ($) | B24: 5000 | C24: INPUT_Deductible
A25: Wind/Hail Exclusion (1=Yes) | B25: 0 | C25: INPUT_WindExclusion
A26: Alarm Credit (1=Yes) | B26: 1 | C26: INPUT_AlarmCredit
A27: Prior Losses (count, 3yr) | B27: 1 | C27: INPUT_PriorLosses
A28: Account Credit/Debit (%) | B28: 0.05 | C28: INPUT_AccountMod
A30: LEGEND
A31: Blue + Yellow = API Input Cell (write here)
A32: Green = Calculated Output (read here)

Sheet RateTables
A1: ACTUARIAL RATE TABLES
A3: BASE RATE PER $1,000 TIV — BY CONSTRUCTION CLASS
A4: Construction Class | B4: Building Rate | C4: Contents Rate | D4: BI Rate
A5: 1 | B5: 0.85 | C5: 0.95 | D5: 0.65
A6: 2 | B6: 1.05 | C6: 1.15 | D6: 0.8
A7: 3 | B7: 1.35 | C7: 1.45 | D7: 1
A8: 4 | B8: 0.9 | C8: 1 | D8: 0.7
A9: 5 | B9: 1.2 | C9: 1.3 | D9: 0.9
A10: 6 | B10: 1.6 | C10: 1.75 | D10: 1.2
A12: PROTECTION CLASS FACTOR | D12: AGE LOAD FACTOR
A13: Prot Class | B13: Factor | D13: Age Band | E13: Factor
A14: 1 | B14: 0.7 | D14: 0-10 years | E14: 1
A15: 2 | B15: 0.75 | D15: 11-20 years | E15: 1.05
A16: 3 | B16: 0.8 | D16: 21-30 years | E16: 1.12
A17: 4 | B17: 0.88 | D17: 31-40 years | E17: 1.2
A18: 5 | B18: 1 | D18: 41-50 years | E18: 1.3
A19: 6 | B19: 1.12 | D19: >50 years | E19: 1.45
A20: 7 | B20: 1.25
A21: DEDUCTIBLE CREDIT | D21: MISC CREDITS/SURCHARGES
A22: Deductible ($) | B22: Credit Factor | D22: Factor | E22: Value
A23: 1000 | B23: 1 | D23: Sprinkler Credit | E23: 0.9
A24: 2500 | B24: 0.95 | D24: Alarm Credit | E24: 0.97
A25: 5000 | B25: 0.9 | D25: Wind/Hail Excl Credit | E25: 0.85
A26: 10000 | B26: 0.83 | D26: Loss Surcharge (per occ) | E26: 1.08
A27: 25000 | B27: 0.75
A28: 50000 | B28: 0.68

Sheet Calculations
A1: RATING CALCULATIONS — INTERMEDIATE STEPS
A3: STEP 1 — DERIVED INPUTS
A4: TIV (Building + Contents) | B4: =Inputs!B12+Inputs!B13 | C4: Calc row 4
A5: Age of Building (years) | B5: =2025-Inputs!B15 | C5: Calc row 5
A6: Age Factor | B6: =IF(B5<=10,1.00,IF(B5<=20,1.05,IF(B5<=30,1.12,IF(B5<=40,1.20,IF(B5<=50,1.30,1.45))))) | C6: Calc row 6
A7: Construction Class (lookup) | B7: =Inputs!B18 | C7: Calc row 7
A8: Base Building Rate (per $1k) | B8: =INDEX(RateTables!B5:B10,MATCH(B7,RateTables!A5:A10,0)) | C8: Calc row 8
A9: Base Contents Rate (per $1k) | B9: =INDEX(RateTables!C5:C10,MATCH(B7,RateTables!A5:A10,0)) | C9: Calc row 9
A10: Base BI Rate (per $1k) | B10: =INDEX(RateTables!D5:D10,MATCH(B7,RateTables!A5:A10,0)) | C10: Calc row 10
A11: Protection Class Factor | B11: =INDEX(RateTables!B14:B23,MATCH(Inputs!B20,RateTables!A14:A23,0)) | C11: Calc row 11
A12: Deductible Credit Factor | B12: =INDEX(RateTables!B23:B28,MATCH(Inputs!B23,RateTables!A23:A28,1)) | C12: Calc row 12
A13: Sprinkler Factor | B13: =IF(Inputs!B21=1,RateTables!E23,1.00) | C13: Calc row 13
A14: Alarm Factor | B14: =IF(Inputs!B24=1,RateTables!E24,1.00) | C14: Calc row 14
A15: Wind Exclusion Factor | B15: =IF(Inputs!B24=0,RateTables!E25,1.00) | C15: Calc row 15
A16: Loss Surcharge Factor | B16: =IF(Inputs!B25>0,(1+(Inputs!B25*(RateTables!E26-1))),1.00) | C16: Calc row 16
A17: Account Mod Factor | B17: =1+Inputs!B27 | C17: Calc row 17
A19: STEP 2 — PREMIUM CALCULATION
A20: Combined Rate Modifier | B20: =B12*B13*B14*B15*B16*B17
A21: Building Premium (pre-deductible) | B21: =(Inputs!B12/1000)*B8*B20
A22: Contents Premium (pre-deductible) | B22: =(Inputs!B13/1000)*B9*B20
A23: BI Premium (pre-deductible) | B23: =(Inputs!B14/1000)*B10*B20
A24: Subtotal (pre-deductible) | B24: =B21+B22+B23
A25: Deductible Credit Applied | B25: =B24*B11
A26: Account Mod Applied | B26: =B25*B17

Sheet Outputs
A1: RATING ENGINE OUTPUTS — API READS THIS SHEET
A3: PREMIUM SUMMARY
A4: Building Premium | B4: =Calculations!B21 | C4: OUTPUT_BuildingPremium
A5: Contents Premium | B5: =Calculations!B22 | C5: OUTPUT_ContentsPremium
A6: Business Income Premium | B6: =Calculations!B23 | C6: OUTPUT_BIPremium
A7: Subtotal Premium | B7: =Calculations!B24 | C7: OUTPUT_SubtotalPremium
A8: Deductible Credit ($) | B8: =Calculations!B24-Calculations!B25 | C8: OUTPUT_DeductibleCredit
A9: Account Mod Adjustment | B9: =Calculations!B26-Calculations!B25 | C9: OUTPUT_AccountModAdj
A10: TOTAL ANNUAL PREMIUM | B10: =Calculations!B26 | C10: OUTPUT_TotalPremium
A12: RATE DETAIL (OUTPUT TABLE — read range A13:C20)
A13: Factor | B13: Value | C13: Named Range
A14: Base Building Rate (/$1k) | B14: =Calculations!B8 | C14: OUTPUT_BaseRate
A15: Protection Class Factor | B15: =Calculations!B11 | C15: OUTPUT_PCFactor
A16: Age Load Factor | B16: =Calculations!B6 | C16: OUTPUT_AgeFactor
A17: Deductible Factor | B17: =Calculations!B12 | C17: OUTPUT_DedFactor
A18: Combined Rate Modifier | B18: =Calculations!B20 | C18: OUTPUT_CombinedMod
A19: Effective Rate Per $1k TIV | B19: =Calculations!B8*Calculations!B20 | C19: OUTPUT_EffectiveRate
A20: TIV | B20: =Calculations!B4 | C20: OUTPUT_TIV
A22: POLICY IDENTIFIERS (passthrough)
A23: Policy Number | B23: =Inputs!B4 | C23: OUTPUT_PolicyNumber
A24: Insured Name | B24: =Inputs!B5 | C24: OUTPUT_InsuredName
A25: State | B25: =Inputs!B8 | C25: OUTPUT_State
A26: Effective Date | B26: =Inputs!B6 | C26: OUTPUT_EffectiveDate

Sheet _Schema
A1: Field ID | B1: Target Cell | C1: Type | D1: Label | E1: Direction | F1: Group | G1: Dropdown Options | H1: Default Value
A2: policy_number | B2: Inputs!B4 | C2: text | D2: Policy Number | E2: input | F2: Risk Identification | H2: POL-2025-001
A3: insured_name | B3: Inputs!B5 | C3: text | D3: Insured Name | E3: input | F3: Risk Identification | H3: Sample Insured LLC
A4: effective_date | B4: Inputs!B6 | C4: text | D4: Effective Date | E4: input | F4: Risk Identification | H4: 2025-01-01
A5: expiration_date | B5: Inputs!B7 | C5: text | D5: Expiration Date | E5: input | F5: Risk Identification | H5: 2026-01-01
A6: state | B6: Inputs!B8 | C6: text | D6: State | E6: input | F6: Risk Identification | H6: FL
A7: lob | B7: Inputs!B9 | C7: text | D7: Line of Business | E7: input | F7: Risk Identification | H7: Commercial Property
A8: building_value | B8: Inputs!B12 | C8: number | D8: Building Value ($) | E8: input | F8: Property Characteristics | H8: 2500000
A9: contents_value | B9: Inputs!B13 | C9: number | D9: Contents Value ($) | E9: input | F9: Property Characteristics | H9: 500000
A10: bi_limit | B10: Inputs!B14 | C10: number | D10: Business Income Limit ($) | E10: input | F10: Property Characteristics | H10: 250000
A11: year_built | B11: Inputs!B15 | C11: number | D11: Year Built | E11: input | F11: Property Characteristics | H11: 1995
A12: square_footage | B12: Inputs!B16 | C12: number | D12: Square Footage | E12: input | F12: Property Characteristics | H12: 12000
A13: stories | B13: Inputs!B17 | C13: number | D13: Number of Stories | E13: input | F13: Property Characteristics | H13: 2
A14: construction_class | B14: Inputs!B18 | C14: number | D14: Construction Class (1-6) | E14: input | F14: Property Characteristics | G14: 1;2;3;4;5;6 | H14: 2
A15: occupancy_code | B15: Inputs!B19 | C15: text | D15: Occupancy Code | E15: input | F15: Property Characteristics | H15: 04
A16: protection_class | B16: Inputs!B20 | C16: number | D16: Protection Class (1-10) | E16: input | F16: Property Characteristics | G16: 1;2;3;4;5;6;7 | H16: 5
A17: sprinklered | B17: Inputs!B21 | C17: number | D17: Sprinklered (1=Yes) | E17: input | F17: Modifiers | G17: 1;0 | H17: 1
A18: deductible | B18: Inputs!B24 | C18: number | D18: Deductible ($) | E18: input | F18: Modifiers | G18: 1000;2500;5000;10000;25000;50000 | H18: 5000
A19: wind_exclusion | B19: Inputs!B25 | C19: number | D19: Wind/Hail Exclusion | E19: input | F19: Modifiers | G19: 1;0 | H19: 0
A20: alarm_credit | B20: Inputs!B26 | C20: number | D20: Alarm Credit (1=Yes) | E20: input | F20: Modifiers | G20: 1;0 | H20: 1
A21: prior_losses | B21: Inputs!B27 | C21: number | D21: Prior Losses | E21: input | F21: Modifiers | H21: 1
A22: account_mod | B22: Inputs!B28 | C22: number | D22: Account Credit/Debit (%) | E22: input | F22: Modifiers | H22: 0.05
A23: building_premium | B23: Outputs!B4 | C23: number | D23: Building Premium | E23: output
A24: contents_premium | B24: Outputs!B5 | C24: number | D24: Contents Premium | E24: output
A25: business_income_premium | B25: Outputs!B6 | C25: number | D25: Business Income Premium | E25: output
A26: subtotal_premium | B26: Outputs!B7 | C26: number | D26: Subtotal Premium | E26: output
A27: deductible_credit | B27: Outputs!B8 | C27: number | D27: Deductible Credit ($) | E27: output
A28: account_mod_adj | B28: Outputs!B9 | C28: number | D28: Account Mod Adjustment | E28: output
A29: premium | B29: Outputs!B10 | C29: number | D29: TOTAL ANNUAL PREMIUM | E29: output
A30: base_building_rate | B30: Outputs!B14 | C30: number | D30: Base Building Rate (/$1k) | E30: output
A31: protection_class_factor | B31: Outputs!B15 | C31: number | D31: Protection Class Factor | E31: output
A32: age_load_factor | B32: Outputs!B16 | C32: number | D32: Age Load Factor | E32: output
A33: deductible_factor | B33: Outputs!B17 | C33: number | D33: Deductible Factor | E33: output
A34: combined_rate_modifier | B34: Outputs!B18 | C34: number | D34: Combined Rate Modifier | E34: output
... A36: tiv | B36: Outputs!B20 | C36: number | D36: TIV | E36: output
